[
{
    "model": "commitfest.committer",
    "pk": 1,
    "fields": {
        "active": true
    }
},
{
    "model": "commitfest.committer",
    "pk": 4,
    "fields": {
        "active": true
    }
},
{
    "model": "commitfest.committer",
    "pk": 5,
    "fields": {
        "active": false
    }
},
{
    "model": "commitfest.commitfest",
    "pk": 1,
    "fields": {
        "name": "Sample Old Commitfest",
        "status": 4,
        "startdate": "2024-05-01",
        "enddate": "2024-05-31"
    }
},
{
    "model": "commitfest.commitfest",
    "pk": 2,
    "fields": {
        "name": "Sample In Progress Commitfest",
        "status": 3,
        "startdate": "2025-01-01",
        "enddate": "2025-02-28"
    }
},
{
    "model": "commitfest.commitfest",
    "pk": 3,
    "fields": {
        "name": "Sample Open Commitfest",
        "status": 2,
        "startdate": "2025-03-01",
        "enddate": "2025-03-31"
    }
},
{
    "model": "commitfest.commitfest",
    "pk": 4,
    "fields": {
        "name": "Sample Future Commitfest",
        "status": 1,
        "startdate": "2025-05-01",
        "enddate": "2025-05-31"
    }
},
{
    "model": "commitfest.topic",
    "pk": 1,
    "fields": {
        "topic": "Bugs"
    }
},
{
    "model": "commitfest.topic",
    "pk": 2,
    "fields": {
        "topic": "Performance"
    }
},
{
    "model": "commitfest.topic",
    "pk": 3,
    "fields": {
        "topic": "Miscellaneous"
    }
},
{
    "model": "commitfest.targetversion",
    "pk": 1,
    "fields": {
        "version": "18"
    }
},
{
    "model": "commitfest.patch",
    "pk": 1,
    "fields": {
        "name": "Conflict detection for update_deleted in logical replication",
        "topic": 1,
        "wikilink": "",
        "gitlink": "",
        "targetversion": null,
        "committer": null,
        "created": "2025-01-26T10:48:31.579",
        "modified": "2025-01-26T10:53:20.498",
        "lastmail": "2025-01-20T06:53:39",
        "authors": [
            1
        ],
        "reviewers": [],
        "subscribers": [],
        "mailthread_set": [
            1
        ]
    }
},
{
    "model": "commitfest.patch",
    "pk": 2,
    "fields": {
        "name": "Sample rate added to pg_stat_statements",
        "topic": 3,
        "wikilink": "",
        "gitlink": "",
        "targetversion": null,
        "committer": null,
        "created": "2025-01-26T10:51:17.305",
        "modified": "2025-01-26T10:51:19.631",
        "lastmail": "2025-01-20T14:20:10",
        "authors": [],
        "reviewers": [],
        "subscribers": [],
        "mailthread_set": [
            2
        ]
    }
},
{
    "model": "commitfest.patch",
    "pk": 3,
    "fields": {
        "name": "Per Backend I/O statistics",
        "topic": 3,
        "wikilink": "",
        "gitlink": "",
        "targetversion": null,
        "committer": null,
        "created": "2025-01-26T11:02:07.467",
        "modified": "2025-01-26T11:02:10.911",
        "lastmail": "2025-01-20T13:26:55",
        "authors": [],
        "reviewers": [],
        "subscribers": [],
        "mailthread_set": [
            3
        ]
    }
},
{
    "model": "commitfest.patch",
    "pk": 4,
    "fields": {
        "name": "create subscription with (origin = none, copy_data = none)",
        "topic": 3,
        "wikilink": "",
        "gitlink": "",
        "targetversion": null,
        "committer": null,
        "created": "2025-01-31T13:30:19.744",
        "modified": "2025-01-31T13:30:21.305",
        "lastmail": "2025-01-20T12:44:40",
        "authors": [],
        "reviewers": [],
        "subscribers": [],
        "mailthread_set": [
            4
        ]
    }
},
{
    "model": "commitfest.patch",
    "pk": 5,
    "fields": {
        "name": "Add get_bytes() and set_bytes() functions",
        "topic": 3,
        "wikilink": "",
        "gitlink": "",
        "targetversion": null,
        "committer": 4,
        "created": "2025-02-16T21:59:04.131",
        "modified": "2025-02-16T22:03:24.902",
        "lastmail": "2025-01-20T14:01:53",
        "authors": [],
        "reviewers": [],
        "subscribers": [],
        "mailthread_set": [
            5
        ]
    }
},
{
    "model": "commitfest.patch",
    "pk": 6,
    "fields": {
        "name": "Add RESPECT/IGNORE NULLS and FROM FIRST/LAST options",
        "topic": 3,
        "wikilink": "",
        "gitlink": "",
        "targetversion": null,
        "committer": null,
        "created": "2025-02-16T22:03:58.476",
        "modified": "2025-02-16T22:04:23.180",
        "lastmail": "2025-01-19T23:55:17",
        "authors": [],
        "reviewers": [],
        "subscribers": [],
        "mailthread_set": [
            6
        ]
    }
},
{
    "model": "commitfest.patchoncommitfest",
    "pk": 1,
    "fields": {
        "patch": 1,
        "commitfest": 2,
        "enterdate": "2025-01-26T10:48:31.579",
        "leavedate": null,
        "status": 3
    }
},
{
    "model": "commitfest.patchoncommitfest",
    "pk": 2,
    "fields": {
        "patch": 2,
        "commitfest": 2,
        "enterdate": "2025-01-26T10:51:17.305",
        "leavedate": null,
        "status": 1
    }
},
{
    "model": "commitfest.patchoncommitfest",
    "pk": 3,
    "fields": {
        "patch": 1,
        "commitfest": 1,
        "enterdate": "2024-04-01T10:52:24",
        "leavedate": "2024-06-05T10:52:34",
        "status": 5
    }
},
{
    "model": "commitfest.patchoncommitfest",
    "pk": 4,
    "fields": {
        "patch": 3,
        "commitfest": 3,
        "enterdate": "2025-01-26T11:02:07.467",
        "leavedate": null,
        "status": 1
    }
},
{
    "model": "commitfest.patchoncommitfest",
    "pk": 5,
    "fields": {
        "patch": 4,
        "commitfest": 2,
        "enterdate": "2025-01-31T13:30:19.745",
        "leavedate": null,
        "status": 1
    }
},
{
    "model": "commitfest.patchoncommitfest",
    "pk": 6,
    "fields": {
        "patch": 5,
        "commitfest": 2,
        "enterdate": "2025-02-16T21:59:04.131",
        "leavedate": "2025-02-16T22:03:24.896",
        "status": 4
    }
},
{
    "model": "commitfest.patchoncommitfest",
    "pk": 7,
    "fields": {
        "patch": 6,
        "commitfest": 2,
        "enterdate": "2025-02-16T22:03:58.477",
        "leavedate": "2025-02-16T22:04:18.213",
        "status": 6
    }
},
{
    "model": "commitfest.patchhistory",
    "pk": 1,
    "fields": {
        "patch": 1,
        "date": "2025-01-26T10:48:31.580",
        "by": 1,
        "by_cfbot": false,
        "what": "Created patch record"
    }
},
{
    "model": "commitfest.patchhistory",
    "pk": 2,
    "fields": {
        "patch": 1,
        "date": "2025-01-26T10:48:31.582",
        "by": 1,
        "by_cfbot": false,
        "what": "Attached mail thread example@message-8"
    }
},
{
    "model": "commitfest.patchhistory",
    "pk": 3,
    "fields": {
        "patch": 1,
        "date": "2025-01-26T10:48:54.115",
        "by": 1,
        "by_cfbot": false,
        "what": "Changed authors to   (admin)"
    }
},
{
    "model": "commitfest.patchhistory",
    "pk": 4,
    "fields": {
        "patch": 2,
        "date": "2025-01-26T10:51:17.306",
        "by": 1,
        "by_cfbot": false,
        "what": "Created patch record"
    }
},
{
    "model": "commitfest.patchhistory",
    "pk": 5,
    "fields": {
        "patch": 2,
        "date": "2025-01-26T10:51:17.307",
        "by": 1,
        "by_cfbot": false,
        "what": "Attached mail thread example@message-0"
    }
},
{
    "model": "commitfest.patchhistory",
    "pk": 6,
    "fields": {
        "patch": 1,
        "date": "2025-01-26T10:53:20.498",
        "by": 1,
        "by_cfbot": false,
        "what": "New status: Ready for Committer"
    }
},
{
    "model": "commitfest.patchhistory",
    "pk": 7,
    "fields": {
        "patch": 3,
        "date": "2025-01-26T11:02:07.468",
        "by": 1,
        "by_cfbot": false,
        "what": "Created patch record"
    }
},
{
    "model": "commitfest.patchhistory",
    "pk": 8,
    "fields": {
        "patch": 3,
        "date": "2025-01-26T11:02:07.469",
        "by": 1,
        "by_cfbot": false,
        "what": "Attached mail thread example@message-3"
    }
},
{
    "model": "commitfest.patchhistory",
    "pk": 9,
    "fields": {
        "patch": 4,
        "date": "2025-01-31T13:30:19.745",
        "by": 1,
        "by_cfbot": false,
        "what": "Created patch record"
    }
},
{
    "model": "commitfest.patchhistory",
    "pk": 10,
    "fields": {
        "patch": 4,
        "date": "2025-01-31T13:30:19.748",
        "by": 1,
        "by_cfbot": false,
        "what": "Attached mail thread example@message-4"
    }
},
{
    "model": "commitfest.patchhistory",
    "pk": 11,
    "fields": {
        "patch": 5,
        "date": "2025-02-16T21:59:04.132",
        "by": 1,
        "by_cfbot": false,
        "what": "Created patch record"
    }
},
{
    "model": "commitfest.patchhistory",
    "pk": 12,
    "fields": {
        "patch": 5,
        "date": "2025-02-16T21:59:04.134",
        "by": 1,
        "by_cfbot": false,
        "what": "Attached mail thread example@message-1"
    }
},
{
    "model": "commitfest.patchhistory",
    "pk": 13,
    "fields": {
        "patch": 5,
        "date": "2025-02-16T22:03:24.897",
        "by": 1,
        "by_cfbot": false,
        "what": "Changed committer to committer"
    }
},
{
    "model": "commitfest.patchhistory",
    "pk": 14,
    "fields": {
        "patch": 5,
        "date": "2025-02-16T22:03:24.903",
        "by": 1,
        "by_cfbot": false,
        "what": "Closed in commitfest Sample In Progress Commitfest with status: Committed"
    }
},
{
    "model": "commitfest.patchhistory",
    "pk": 15,
    "fields": {
        "patch": 6,
        "date": "2025-02-16T22:03:58.479",
        "by": 1,
        "by_cfbot": false,
        "what": "Created patch record"
    }
},
{
    "model": "commitfest.patchhistory",
    "pk": 16,
    "fields": {
        "patch": 6,
        "date": "2025-02-16T22:03:58.486",
        "by": 1,
        "by_cfbot": false,
        "what": "Attached mail thread example@message-16"
    }
},
{
    "model": "commitfest.patchhistory",
    "pk": 17,
    "fields": {
        "patch": 6,
        "date": "2025-02-16T22:04:18.217",
        "by": 1,
        "by_cfbot": false,
        "what": "Closed in commitfest Sample In Progress Commitfest with status: Rejected"
    }
},
{
    "model": "commitfest.mailthread",
    "pk": 1,
    "fields": {
        "messageid": "example@message-8",
        "subject": "RE: Conflict detection for update_deleted in logical replication",
        "firstmessage": "2025-01-20T06:53:39",
        "firstauthor": "test@test.com",
        "latestmessage": "2025-01-20T06:53:39",
        "latestauthor": "test@test.com",
        "latestsubject": "RE: Conflict detection for update_deleted in logical replication",
        "latestmsgid": "example@message-8"
    }
},
{
    "model": "commitfest.mailthread",
    "pk": 2,
    "fields": {
        "messageid": "example@message-0",
        "subject": "Re: Sample rate added to pg_stat_statements",
        "firstmessage": "2025-01-20T14:20:10",
        "firstauthor": "test@test.com",
        "latestmessage": "2025-01-20T14:20:10",
        "latestauthor": "test@test.com",
        "latestsubject": "Re: Sample rate added to pg_stat_statements",
        "latestmsgid": "example@message-0"
    }
},
{
    "model": "commitfest.mailthread",
    "pk": 3,
    "fields": {
        "messageid": "example@message-3",
        "subject": "Re: per backend I/O statistics",
        "firstmessage": "2025-01-20T13:26:55",
        "firstauthor": "test@test.com",
        "latestmessage": "2025-01-20T13:26:55",
        "latestauthor": "test@test.com",
        "latestsubject": "Re: per backend I/O statistics",
        "latestmsgid": "example@message-3"
    }
},
{
    "model": "commitfest.mailthread",
    "pk": 4,
    "fields": {
        "messageid": "example@message-4",
        "subject": "Re: create subscription with (origin = none, copy_data = on)",
        "firstmessage": "2025-01-20T12:44:40",
        "firstauthor": "test@test.com",
        "latestmessage": "2025-01-20T12:44:40",
        "latestauthor": "test@test.com",
        "latestsubject": "Re: create subscription with (origin = none, copy_data = on)",
        "latestmsgid": "example@message-4"
    }
},
{
    "model": "commitfest.mailthread",
    "pk": 5,
    "fields": {
        "messageid": "example@message-1",
        "subject": "Re: [PATCH] Add get_bytes() and set_bytes() functions",
        "firstmessage": "2025-01-20T14:01:53",
        "firstauthor": "test@test.com",
        "latestmessage": "2025-01-20T14:01:53",
        "latestauthor": "test@test.com",
        "latestsubject": "Re: [PATCH] Add get_bytes() and set_bytes() functions",
        "latestmsgid": "example@message-1"
    }
},
{
    "model": "commitfest.mailthread",
    "pk": 6,
    "fields": {
        "messageid": "example@message-16",
        "subject": "Re: Add RESPECT/IGNORE NULLS and FROM FIRST/LAST options",
        "firstmessage": "2025-01-19T23:55:17",
        "firstauthor": "test@test.com",
        "latestmessage": "2025-01-19T23:55:17",
        "latestauthor": "test@test.com",
        "latestsubject": "Re: Add RESPECT/IGNORE NULLS and FROM FIRST/LAST options",
        "latestmsgid": "example@message-16"
    }
},
{
    "model": "commitfest.patchstatus",
    "pk": 1,
    "fields": {
        "statusstring": "Needs review",
        "sortkey": 10
    }
},
{
    "model": "commitfest.patchstatus",
    "pk": 2,
    "fields": {
        "statusstring": "Waiting on Author",
        "sortkey": 15
    }
},
{
    "model": "commitfest.patchstatus",
    "pk": 3,
    "fields": {
        "statusstring": "Ready for Committer",
        "sortkey": 20
    }
},
{
    "model": "commitfest.patchstatus",
    "pk": 4,
    "fields": {
        "statusstring": "Committed",
        "sortkey": 25
    }
},
{
    "model": "commitfest.patchstatus",
    "pk": 5,
    "fields": {
        "statusstring": "Moved to next CF",
        "sortkey": 30
    }
},
{
    "model": "commitfest.patchstatus",
    "pk": 6,
    "fields": {
        "statusstring": "Rejected",
        "sortkey": 50
    }
},
{
    "model": "commitfest.patchstatus",
    "pk": 7,
    "fields": {
        "statusstring": "Returned with Feedback",
        "sortkey": 50
    }
},
{
    "model": "commitfest.patchstatus",
    "pk": 8,
    "fields": {
        "statusstring": "Withdrawn",
        "sortkey": 50
    }
},
{
    "model": "commitfest.cfbotbranch",
    "pk": 1,
    "fields": {
        "branch_id": 123,
        "branch_name": "cf/1",
        "commit_id": "abcdefg",
        "apply_url": "http://cfbot.cputube.org/patch_4573.log",
        "status": "finished",
        "needs_rebase_since": null,
        "created": "2025-01-26T22:06:02.980",
        "modified": "2025-01-29T22:50:37.805",
        "version": "",
        "patch_count": 5,
        "first_additions": 10,
        "first_deletions": 5,
        "all_additions": 834,
        "all_deletions": 128
    }
},
{
    "model": "commitfest.cfbotbranch",
    "pk": 2,
    "fields": {
        "branch_id": 345,
        "branch_name": "cf/2",
        "commit_id": null,
        "apply_url": "http://cfbot.cputube.org/patch_4573.log",
        "status": "failed",
        "needs_rebase_since": null,
        "created": "2025-01-26T22:11:09.961",
        "modified": "2025-01-26T22:20:39.372",
        "version": null,
        "patch_count": null,
        "first_additions": null,
        "first_deletions": null,
        "all_additions": null,
        "all_deletions": null
    }
},
{
    "model": "commitfest.cfbotbranch",
    "pk": 3,
    "fields": {
        "branch_id": 567,
        "branch_name": "cf/3",
        "commit_id": "abc123",
        "apply_url": "http://cfbot.cputube.org/patch_4748.log",
        "status": "failed",
        "needs_rebase_since": null,
        "created": "2025-01-26T22:22:46.602",
        "modified": "2025-01-29T22:58:51.032",
        "version": "",
        "patch_count": 3,
        "first_additions": 345,
        "first_deletions": 158,
        "all_additions": 8764,
        "all_deletions": 345
    }
},
{
    "model": "commitfest.cfbotbranch",
    "pk": 4,
    "fields": {
        "branch_id": 76,
        "branch_name": "cf/4",
        "commit_id": "abcggg",
        "apply_url": "http://cfbot.cputube.org/patch_4748.log",
        "status": "testing",
        "needs_rebase_since": null,
        "created": "2025-01-31T13:32:22.017",
        "modified": "2025-01-31T13:32:22.017",
        "version": "",
        "patch_count": 1,
        "first_additions": 123,
        "first_deletions": 14,
        "all_additions": 123,
        "all_deletions": 14
    }
},
{
    "model": "commitfest.cfbottask",
    "pk": 1,
    "fields": {
        "task_id": "12345",
        "task_name": "Linux build",
        "patch": 1,
        "branch_id": 123,
        "position": 1,
        "status": "COMPLETED",
        "created": "2025-01-26T22:06:49.237",
        "modified": "2025-01-26T22:07:40.405"
    }
},
{
    "model": "commitfest.cfbottask",
    "pk": 2,
    "fields": {
        "task_id": "12346",
        "task_name": "MacOS Build",
        "patch": 1,
        "branch_id": 123,
        "position": 2,
        "status": "COMPLETED",
        "created": "2025-01-26T22:07:32.041",
        "modified": "2025-01-26T22:07:32.041"
    }
},
{
    "model": "commitfest.cfbottask",
    "pk": 3,
    "fields": {
        "task_id": "4561",
        "task_name": "Redhat",
        "patch": 3,
        "branch_id": 567,
        "position": 1,
        "status": "COMPLETED",
        "created": "2025-01-26T22:24:37.445",
        "modified": "2025-01-26T22:24:37.445"
    }
},
{
    "model": "commitfest.cfbottask",
    "pk": 4,
    "fields": {
        "task_id": "4562",
        "task_name": "MacOS build",
        "patch": 3,
        "branch_id": 567,
        "position": 2,
        "status": "EXECUTING",
        "created": "2025-01-26T22:25:15.283",
        "modified": "2025-01-26T22:27:09.055"
    }
},
{
    "model": "commitfest.cfbottask",
    "pk": 5,
    "fields": {
        "task_id": "4563",
        "task_name": "FreeBSD",
        "patch": 3,
        "branch_id": 567,
        "position": 3,
        "status": "FAILED",
        "created": "2025-01-26T22:25:48.021",
        "modified": "2025-01-26T22:25:48.021"
    }
},
{
    "model": "commitfest.cfbottask",
    "pk": 6,
    "fields": {
        "task_id": "4564",
        "task_name": "NetBSD",
        "patch": 3,
        "branch_id": 567,
        "position": 4,
        "status": "CREATED",
        "created": "2025-01-26T22:29:09.156",
        "modified": "2025-01-26T22:29:09.156"
    }
},
{
    "model": "commitfest.cfbottask",
    "pk": 7,
    "fields": {
        "task_id": "4565",
        "task_name": "Linux Valgrind",
        "patch": 3,
        "branch_id": 567,
        "position": 5,
        "status": "SCHEDULED",
        "created": "2025-01-26T22:30:03.199",
        "modified": "2025-01-26T22:30:03.199"
    }
}
]
